{
  "session_id": "04d3bc09-86ff-4ee9-8466-9ff39c2635c6",
  "start_time": 1741704163.345356,
  "end_time": 1741704517.64063,
  "hands_played": 0,
  "players": [],
  "starting_chips": 0,
  "final_chip_counts": {},
  "elimination_order": []
}