{
  "session_id": "bc82f17b-760f-44a5-8a61-c2e3ec8dee3e",
  "start_time": 1741635005.0945559,
  "end_time": 1741635079.6058428,
  "hands_played": 0,
  "players": [],
  "starting_chips": 0,
  "final_chip_counts": {},
  "elimination_order": []
}